year,month,nao,day,datetime
1950,1,0.92,31,1950-01-31
1950,2,0.4,28,1950-02-28
1950,3,-0.36,31,1950-03-31
1950,4,0.73,30,1950-04-30
1950,5,-0.59,31,1950-05-31
1950,6,-0.06,30,1950-06-30
1950,7,-1.26,31,1950-07-31
1950,8,-0.05,31,1950-08-31
1950,9,0.25,30,1950-09-30
1950,10,0.85,31,1950-10-31
1950,11,-1.26,30,1950-11-30
1950,12,-1.02,31,1950-12-31
1951,1,0.08,31,1951-01-31
1951,2,0.7,28,1951-02-28
1951,3,-1.02,31,1951-03-31
1951,4,-0.22,30,1951-04-30
1951,5,-0.59,31,1951-05-31
1951,6,-1.64,30,1951-06-30
1951,7,1.37,31,1951-07-31
1951,8,-0.22,31,1951-08-31
1951,9,-1.36,30,1951-09-30
1951,10,1.87,31,1951-10-31
1951,11,-0.39,30,1951-11-30
1951,12,1.32,31,1951-12-31
1952,1,0.93,31,1952-01-31
1952,2,-0.83,29,1952-02-29
1952,3,-1.49,31,1952-03-31
1952,4,1.01,30,1952-04-30
1952,5,-1.12,31,1952-05-31
1952,6,-0.4,30,1952-06-30
1952,7,-0.09,31,1952-07-31
1952,8,-0.28,31,1952-08-31
1952,9,-0.54,30,1952-09-30
1952,10,-0.73,31,1952-10-31
1952,11,-1.13,30,1952-11-30
1952,12,-0.43,31,1952-12-31
1953,1,0.33,31,1953-01-31
1953,2,-0.49,28,1953-02-28
1953,3,-0.04,31,1953-03-31
1953,4,-1.67,30,1953-04-30
1953,5,-0.66,31,1953-05-31
1953,6,1.09,30,1953-06-30
1953,7,0.4,31,1953-07-31
1953,8,-0.71,31,1953-08-31
1953,9,-0.35,30,1953-09-30
1953,10,1.32,31,1953-10-31
1953,11,1.04,30,1953-11-30
1953,12,-0.47,31,1953-12-31
1954,1,0.37,31,1954-01-31
1954,2,0.74,28,1954-02-28
1954,3,-0.83,31,1954-03-31
1954,4,1.34,30,1954-04-30
1954,5,-0.09,31,1954-05-31
1954,6,-0.25,30,1954-06-30
1954,7,-0.6,31,1954-07-31
1954,8,-1.9,31,1954-08-31
1954,9,-0.44,30,1954-09-30
1954,10,0.6,31,1954-10-31
1954,11,0.4,30,1954-11-30
1954,12,0.69,31,1954-12-31
1955,1,-1.84,31,1955-01-31
1955,2,-1.12,28,1955-02-28
1955,3,-0.53,31,1955-03-31
1955,4,-0.42,30,1955-04-30
1955,5,-0.34,31,1955-05-31
1955,6,-1.1,30,1955-06-30
1955,7,1.76,31,1955-07-31
1955,8,1.07,31,1955-08-31
1955,9,0.32,30,1955-09-30
1955,10,-1.47,31,1955-10-31
1955,11,-1.29,30,1955-11-30
1955,12,0.17,31,1955-12-31
1956,1,-0.22,31,1956-01-31
1956,2,-1.12,29,1956-02-29
1956,3,-0.05,31,1956-03-31
1956,4,-1.06,30,1956-04-30
1956,5,2.21,31,1956-05-31
1956,6,0.1,30,1956-06-30
1956,7,-0.75,31,1956-07-31
1956,8,-1.37,31,1956-08-31
1956,9,0.24,30,1956-09-30
1956,10,0.88,31,1956-10-31
1956,11,0.51,30,1956-11-30
1956,12,0.1,31,1956-12-31
1957,1,1.05,31,1957-01-31
1957,2,0.11,28,1957-02-28
1957,3,-1.26,31,1957-03-31
1957,4,0.49,30,1957-04-30
1957,5,-0.79,31,1957-05-31
1957,6,-0.72,30,1957-06-30
1957,7,-1.19,31,1957-07-31
1957,8,-0.55,31,1957-08-31
1957,9,-1.66,30,1957-09-30
1957,10,1.32,31,1957-10-31
1957,11,0.73,30,1957-11-30
1957,12,0.12,31,1957-12-31
1958,1,-0.54,31,1958-01-31
1958,2,-1.06,28,1958-02-28
1958,3,-1.96,31,1958-03-31
1958,4,0.37,30,1958-04-30
1958,5,-0.24,31,1958-05-31
1958,6,-1.38,30,1958-06-30
1958,7,-1.73,31,1958-07-31
1958,8,-1.56,31,1958-08-31
1958,9,-0.07,30,1958-09-30
1958,10,0.16,31,1958-10-31
1958,11,1.64,30,1958-11-30
1958,12,-0.7,31,1958-12-31
1959,1,-0.87,31,1959-01-31
1959,2,0.68,28,1959-02-28
1959,3,-0.15,31,1959-03-31
1959,4,0.36,30,1959-04-30
1959,5,0.39,31,1959-05-31
1959,6,0.4,30,1959-06-30
1959,7,0.74,31,1959-07-31
1959,8,0.06,31,1959-08-31
1959,9,0.88,30,1959-09-30
1959,10,0.89,31,1959-10-31
1959,11,0.41,30,1959-11-30
1959,12,0.44,31,1959-12-31
1960,1,-1.29,31,1960-01-31
1960,2,-1.89,29,1960-02-29
1960,3,-0.5,31,1960-03-31
1960,4,1.36,30,1960-04-30
1960,5,0.45,31,1960-05-31
1960,6,-0.21,30,1960-06-30
1960,7,0.35,31,1960-07-31
1960,8,-1.4,31,1960-08-31
1960,9,0.39,30,1960-09-30
1960,10,-1.73,31,1960-10-31
1960,11,-0.51,30,1960-11-30
1960,12,0.06,31,1960-12-31
1961,1,0.41,31,1961-01-31
1961,2,0.45,28,1961-02-28
1961,3,0.55,31,1961-03-31
1961,4,-1.55,30,1961-04-30
1961,5,-0.36,31,1961-05-31
1961,6,0.86,30,1961-06-30
1961,7,-0.39,31,1961-07-31
1961,8,0.9,31,1961-08-31
1961,9,1.24,30,1961-09-30
1961,10,0.51,31,1961-10-31
1961,11,-0.62,30,1961-11-30
1961,12,-1.48,31,1961-12-31
1962,1,0.61,31,1962-01-31
1962,2,0.55,28,1962-02-28
1962,3,-2.47,31,1962-03-31
1962,4,0.99,30,1962-04-30
1962,5,-0.1,31,1962-05-31
1962,6,0.16,30,1962-06-30
1962,7,-2.47,31,1962-07-31
1962,8,0.14,31,1962-08-31
1962,9,-0.37,30,1962-09-30
1962,10,0.41,31,1962-10-31
1962,11,-0.23,30,1962-11-30
1962,12,-1.32,31,1962-12-31
1963,1,-2.12,31,1963-01-31
1963,2,-0.96,28,1963-02-28
1963,3,-0.43,31,1963-03-31
1963,4,-1.35,30,1963-04-30
1963,5,2.16,31,1963-05-31
1963,6,-0.43,30,1963-06-30
1963,7,-0.77,31,1963-07-31
1963,8,-0.64,31,1963-08-31
1963,9,1.79,30,1963-09-30
1963,10,0.94,31,1963-10-31
1963,11,-1.27,30,1963-11-30
1963,12,-1.92,31,1963-12-31
1964,1,-0.95,31,1964-01-31
1964,2,-1.43,29,1964-02-29
1964,3,-1.2,31,1964-03-31
1964,4,0.36,30,1964-04-30
1964,5,0.52,31,1964-05-31
1964,6,1.29,30,1964-06-30
1964,7,1.9,31,1964-07-31
1964,8,-1.77,31,1964-08-31
1964,9,0.2,30,1964-09-30
1964,10,0.74,31,1964-10-31
1964,11,-0.01,30,1964-11-30
1964,12,-0.15,31,1964-12-31
1965,1,-0.12,31,1965-01-31
1965,2,-1.55,28,1965-02-28
1965,3,-1.51,31,1965-03-31
1965,4,0.72,30,1965-04-30
1965,5,-0.62,31,1965-05-31
1965,6,0.29,30,1965-06-30
1965,7,0.32,31,1965-07-31
1965,8,0.45,31,1965-08-31
1965,9,0.37,30,1965-09-30
1965,10,0.38,31,1965-10-31
1965,11,-1.66,30,1965-11-30
1965,12,1.37,31,1965-12-31
1966,1,-1.74,31,1966-01-31
1966,2,-1.39,28,1966-02-28
1966,3,0.56,31,1966-03-31
1966,4,-0.75,30,1966-04-30
1966,5,0.22,31,1966-05-31
1966,6,1.05,30,1966-06-30
1966,7,0.32,31,1966-07-31
1966,8,-1.76,31,1966-08-31
1966,9,-0.45,30,1966-09-30
1966,10,-0.68,31,1966-10-31
1966,11,-0.04,30,1966-11-30
1966,12,0.72,31,1966-12-31
1967,1,-0.89,31,1967-01-31
1967,2,0.19,28,1967-02-28
1967,3,1.51,31,1967-03-31
1967,4,0.18,30,1967-04-30
1967,5,-0.99,31,1967-05-31
1967,6,1.4,30,1967-06-30
1967,7,0.41,31,1967-07-31
1967,8,1.44,31,1967-08-31
1967,9,0.93,30,1967-09-30
1967,10,0.07,31,1967-10-31
1967,11,0.6,30,1967-11-30
1967,12,-0.45,31,1967-12-31
1968,1,0.13,31,1968-01-31
1968,2,-1.29,29,1968-02-29
1968,3,0.4,31,1968-03-31
1968,4,-1.08,30,1968-04-30
1968,5,-1.76,31,1968-05-31
1968,6,0.33,30,1968-06-30
1968,7,-0.8,31,1968-07-31
1968,8,-0.66,31,1968-08-31
1968,9,-1.92,30,1968-09-30
1968,10,-2.3,31,1968-10-31
1968,11,-0.93,30,1968-11-30
1968,12,-1.4,31,1968-12-31
1969,1,-0.83,31,1969-01-31
1969,2,-1.55,28,1969-02-28
1969,3,-1.56,31,1969-03-31
1969,4,1.53,30,1969-04-30
1969,5,0.55,31,1969-05-31
1969,6,0.55,30,1969-06-30
1969,7,0.57,31,1969-07-31
1969,8,-1.45,31,1969-08-31
1969,9,2.07,30,1969-09-30
1969,10,0.66,31,1969-10-31
1969,11,-0.96,30,1969-11-30
1969,12,-0.28,31,1969-12-31
1970,1,-1.5,31,1970-01-31
1970,2,0.64,28,1970-02-28
1970,3,-0.96,31,1970-03-31
1970,4,-1.3,30,1970-04-30
1970,5,1.14,31,1970-05-31
1970,6,1.55,30,1970-06-30
1970,7,0.1,31,1970-07-31
1970,8,0.1,31,1970-08-31
1970,9,-0.09,30,1970-09-30
1970,10,-0.92,31,1970-10-31
1970,11,-0.6,30,1970-11-30
1970,12,-1.2,31,1970-12-31
1971,1,-1.13,31,1971-01-31
1971,2,0.24,28,1971-02-28
1971,3,-0.84,31,1971-03-31
1971,4,-0.24,30,1971-04-30
1971,5,0.5,31,1971-05-31
1971,6,-1.57,30,1971-06-30
1971,7,0.24,31,1971-07-31
1971,8,1.55,31,1971-08-31
1971,9,0.39,30,1971-09-30
1971,10,0.58,31,1971-10-31
1971,11,-0.2,30,1971-11-30
1971,12,0.6,31,1971-12-31
1972,1,0.27,31,1972-01-31
1972,2,0.32,29,1972-02-29
1972,3,0.72,31,1972-03-31
1972,4,-0.22,30,1972-04-30
1972,5,0.95,31,1972-05-31
1972,6,0.88,30,1972-06-30
1972,7,0.18,31,1972-07-31
1972,8,1.32,31,1972-08-31
1972,9,-0.12,30,1972-09-30
1972,10,1.09,31,1972-10-31
1972,11,0.54,30,1972-11-30
1972,12,0.19,31,1972-12-31
1973,1,0.04,31,1973-01-31
1973,2,0.85,28,1973-02-28
1973,3,0.3,31,1973-03-31
1973,4,-0.54,30,1973-04-30
1973,5,-0.44,31,1973-05-31
1973,6,0.39,30,1973-06-30
1973,7,0.57,31,1973-07-31
1973,8,-0.06,31,1973-08-31
1973,9,-0.3,30,1973-09-30
1973,10,-1.24,31,1973-10-31
1973,11,-0.93,30,1973-11-30
1973,12,0.32,31,1973-12-31
1974,1,1.34,31,1974-01-31
1974,2,-0.14,28,1974-02-28
1974,3,-0.03,31,1974-03-31
1974,4,0.51,30,1974-04-30
1974,5,-0.24,31,1974-05-31
1974,6,-0.14,30,1974-06-30
1974,7,-0.76,31,1974-07-31
1974,8,-0.64,31,1974-08-31
1974,9,0.82,30,1974-09-30
1974,10,0.49,31,1974-10-31
1974,11,-0.54,30,1974-11-30
1974,12,1.5,31,1974-12-31
1975,1,0.58,31,1975-01-31
1975,2,-0.62,28,1975-02-28
1975,3,-0.61,31,1975-03-31
1975,4,-1.6,30,1975-04-30
1975,5,-0.52,31,1975-05-31
1975,6,-0.84,30,1975-06-30
1975,7,1.55,31,1975-07-31
1975,8,-0.26,31,1975-08-31
1975,9,1.56,30,1975-09-30
1975,10,-0.54,31,1975-10-31
1975,11,0.41,30,1975-11-30
1975,12,0.0,31,1975-12-31
1976,1,-0.25,31,1976-01-31
1976,2,0.93,29,1976-02-29
1976,3,0.75,31,1976-03-31
1976,4,0.26,30,1976-04-30
1976,5,0.96,31,1976-05-31
1976,6,0.8,30,1976-06-30
1976,7,-0.32,31,1976-07-31
1976,8,1.92,31,1976-08-31
1976,9,-1.29,30,1976-09-30
1976,10,-0.08,31,1976-10-31
1976,11,0.17,30,1976-11-30
1976,12,-1.6,31,1976-12-31
1977,1,-1.04,31,1977-01-31
1977,2,-0.49,28,1977-02-28
1977,3,-0.81,31,1977-03-31
1977,4,0.65,30,1977-04-30
1977,5,-0.86,31,1977-05-31
1977,6,-0.57,30,1977-06-30
1977,7,-0.45,31,1977-07-31
1977,8,-0.28,31,1977-08-31
1977,9,0.37,30,1977-09-30
1977,10,0.52,31,1977-10-31
1977,11,-0.07,30,1977-11-30
1977,12,-1.0,31,1977-12-31
1978,1,0.66,31,1978-01-31
1978,2,-2.2,28,1978-02-28
1978,3,0.7,31,1978-03-31
1978,4,-1.17,30,1978-04-30
1978,5,1.08,31,1978-05-31
1978,6,1.38,30,1978-06-30
1978,7,-1.14,31,1978-07-31
1978,8,0.64,31,1978-08-31
1978,9,0.46,30,1978-09-30
1978,10,1.93,31,1978-10-31
1978,11,3.04,30,1978-11-30
1978,12,-1.57,31,1978-12-31
1979,1,-1.38,31,1979-01-31
1979,2,-0.67,28,1979-02-28
1979,3,0.78,31,1979-03-31
1979,4,-1.71,30,1979-04-30
1979,5,-1.03,31,1979-05-31
1979,6,1.6,30,1979-06-30
1979,7,0.83,31,1979-07-31
1979,8,0.96,31,1979-08-31
1979,9,1.01,30,1979-09-30
1979,10,-0.3,31,1979-10-31
1979,11,0.53,30,1979-11-30
1979,12,1.0,31,1979-12-31
1980,1,-0.75,31,1980-01-31
1980,2,0.05,29,1980-02-29
1980,3,-0.31,31,1980-03-31
1980,4,1.29,30,1980-04-30
1980,5,-1.5,31,1980-05-31
1980,6,-0.37,30,1980-06-30
1980,7,-0.42,31,1980-07-31
1980,8,-2.24,31,1980-08-31
1980,9,0.66,30,1980-09-30
1980,10,-1.77,31,1980-10-31
1980,11,-0.37,30,1980-11-30
1980,12,0.78,31,1980-12-31
1981,1,0.37,31,1981-01-31
1981,2,0.92,28,1981-02-28
1981,3,-1.19,31,1981-03-31
1981,4,0.36,30,1981-04-30
1981,5,0.2,31,1981-05-31
1981,6,-0.45,30,1981-06-30
1981,7,0.05,31,1981-07-31
1981,8,0.39,31,1981-08-31
1981,9,-1.45,30,1981-09-30
1981,10,-1.35,31,1981-10-31
1981,11,-0.38,30,1981-11-30
1981,12,-0.02,31,1981-12-31
1982,1,-0.89,31,1982-01-31
1982,2,1.15,28,1982-02-28
1982,3,1.15,31,1982-03-31
1982,4,0.1,30,1982-04-30
1982,5,-0.53,31,1982-05-31
1982,6,-1.63,30,1982-06-30
1982,7,1.15,31,1982-07-31
1982,8,0.26,31,1982-08-31
1982,9,1.76,30,1982-09-30
1982,10,-0.74,31,1982-10-31
1982,11,1.6,30,1982-11-30
1982,12,1.78,31,1982-12-31
1983,1,1.59,31,1983-01-31
1983,2,-0.53,28,1983-02-28
1983,3,0.95,31,1983-03-31
1983,4,-0.85,30,1983-04-30
1983,5,-0.07,31,1983-05-31
1983,6,0.99,30,1983-06-30
1983,7,1.19,31,1983-07-31
1983,8,1.61,31,1983-08-31
1983,9,-1.12,30,1983-09-30
1983,10,0.65,31,1983-10-31
1983,11,-0.98,30,1983-11-30
1983,12,0.29,31,1983-12-31
1984,1,1.66,31,1984-01-31
1984,2,0.72,29,1984-02-29
1984,3,-0.37,31,1984-03-31
1984,4,-0.28,30,1984-04-30
1984,5,0.54,31,1984-05-31
1984,6,-0.42,30,1984-06-30
1984,7,-0.07,31,1984-07-31
1984,8,1.15,31,1984-08-31
1984,9,0.17,30,1984-09-30
1984,10,-0.07,31,1984-10-31
1984,11,-0.06,30,1984-11-30
1984,12,0.0,31,1984-12-31
1985,1,-1.61,31,1985-01-31
1985,2,-0.49,28,1985-02-28
1985,3,0.2,31,1985-03-31
1985,4,0.32,30,1985-04-30
1985,5,-0.49,31,1985-05-31
1985,6,-0.8,30,1985-06-30
1985,7,1.22,31,1985-07-31
1985,8,-0.48,31,1985-08-31
1985,9,-0.52,30,1985-09-30
1985,10,0.9,31,1985-10-31
1985,11,-0.67,30,1985-11-30
1985,12,0.22,31,1985-12-31
1986,1,1.11,31,1986-01-31
1986,2,-1.0,28,1986-02-28
1986,3,1.71,31,1986-03-31
1986,4,-0.59,30,1986-04-30
1986,5,0.85,31,1986-05-31
1986,6,1.22,30,1986-06-30
1986,7,0.12,31,1986-07-31
1986,8,-1.09,31,1986-08-31
1986,9,-1.12,30,1986-09-30
1986,10,1.55,31,1986-10-31
1986,11,2.29,30,1986-11-30
1986,12,0.99,31,1986-12-31
1987,1,-1.15,31,1987-01-31
1987,2,-0.73,28,1987-02-28
1987,3,0.14,31,1987-03-31
1987,4,2.0,30,1987-04-30
1987,5,0.98,31,1987-05-31
1987,6,-1.82,30,1987-06-30
1987,7,0.52,31,1987-07-31
1987,8,-0.83,31,1987-08-31
1987,9,-1.22,30,1987-09-30
1987,10,0.14,31,1987-10-31
1987,11,0.18,30,1987-11-30
1987,12,0.32,31,1987-12-31
1988,1,1.02,31,1988-01-31
1988,2,0.76,29,1988-02-29
1988,3,-0.17,31,1988-03-31
1988,4,-1.17,30,1988-04-30
1988,5,0.63,31,1988-05-31
1988,6,0.88,30,1988-06-30
1988,7,-0.35,31,1988-07-31
1988,8,0.04,31,1988-08-31
1988,9,-0.99,30,1988-09-30
1988,10,-1.08,31,1988-10-31
1988,11,-0.34,30,1988-11-30
1988,12,0.61,31,1988-12-31
1989,1,1.17,31,1989-01-31
1989,2,2.0,28,1989-02-28
1989,3,1.85,31,1989-03-31
1989,4,0.28,30,1989-04-30
1989,5,1.38,31,1989-05-31
1989,6,-0.27,30,1989-06-30
1989,7,0.97,31,1989-07-31
1989,8,0.01,31,1989-08-31
1989,9,2.05,30,1989-09-30
1989,10,-0.03,31,1989-10-31
1989,11,0.16,30,1989-11-30
1989,12,-1.15,31,1989-12-31
1990,1,1.04,31,1990-01-31
1990,2,1.41,28,1990-02-28
1990,3,1.46,31,1990-03-31
1990,4,2.0,30,1990-04-30
1990,5,-1.53,31,1990-05-31
1990,6,-0.02,30,1990-06-30
1990,7,0.53,31,1990-07-31
1990,8,0.97,31,1990-08-31
1990,9,1.06,30,1990-09-30
1990,10,0.23,31,1990-10-31
1990,11,-0.24,30,1990-11-30
1990,12,0.22,31,1990-12-31
1991,1,0.86,31,1991-01-31
1991,2,1.04,28,1991-02-28
1991,3,-0.2,31,1991-03-31
1991,4,0.29,30,1991-04-30
1991,5,0.08,31,1991-05-31
1991,6,-0.82,30,1991-06-30
1991,7,-0.49,31,1991-07-31
1991,8,1.23,31,1991-08-31
1991,9,0.48,30,1991-09-30
1991,10,-0.19,31,1991-10-31
1991,11,0.48,30,1991-11-30
1991,12,0.46,31,1991-12-31
1992,1,-0.13,31,1992-01-31
1992,2,1.07,29,1992-02-29
1992,3,0.87,31,1992-03-31
1992,4,1.86,30,1992-04-30
1992,5,2.63,31,1992-05-31
1992,6,0.2,30,1992-06-30
1992,7,0.16,31,1992-07-31
1992,8,0.85,31,1992-08-31
1992,9,-0.44,30,1992-09-30
1992,10,-1.76,31,1992-10-31
1992,11,1.19,30,1992-11-30
1992,12,0.47,31,1992-12-31
1993,1,1.6,31,1993-01-31
1993,2,0.5,28,1993-02-28
1993,3,0.67,31,1993-03-31
1993,4,0.97,30,1993-04-30
1993,5,-0.78,31,1993-05-31
1993,6,-0.59,30,1993-06-30
1993,7,-3.18,31,1993-07-31
1993,8,0.12,31,1993-08-31
1993,9,-0.57,30,1993-09-30
1993,10,-0.71,31,1993-10-31
1993,11,2.56,30,1993-11-30
1993,12,1.56,31,1993-12-31
1994,1,1.04,31,1994-01-31
1994,2,0.46,28,1994-02-28
1994,3,1.26,31,1994-03-31
1994,4,1.14,30,1994-04-30
1994,5,-0.57,31,1994-05-31
1994,6,1.52,30,1994-06-30
1994,7,1.31,31,1994-07-31
1994,8,0.38,31,1994-08-31
1994,9,-1.32,30,1994-09-30
1994,10,-0.97,31,1994-10-31
1994,11,0.64,30,1994-11-30
1994,12,2.02,31,1994-12-31
1995,1,0.93,31,1995-01-31
1995,2,1.14,28,1995-02-28
1995,3,1.25,31,1995-03-31
1995,4,-0.85,30,1995-04-30
1995,5,-1.49,31,1995-05-31
1995,6,0.13,30,1995-06-30
1995,7,-0.22,31,1995-07-31
1995,8,0.69,31,1995-08-31
1995,9,0.31,30,1995-09-30
1995,10,0.19,31,1995-10-31
1995,11,-1.38,30,1995-11-30
1995,12,-1.67,31,1995-12-31
1996,1,-0.12,31,1996-01-31
1996,2,-0.07,29,1996-02-29
1996,3,-0.24,31,1996-03-31
1996,4,-0.17,30,1996-04-30
1996,5,-1.06,31,1996-05-31
1996,6,0.56,30,1996-06-30
1996,7,0.67,31,1996-07-31
1996,8,1.02,31,1996-08-31
1996,9,-0.86,30,1996-09-30
1996,10,-0.33,31,1996-10-31
1996,11,-0.56,30,1996-11-30
1996,12,-1.41,31,1996-12-31
1997,1,-0.49,31,1997-01-31
1997,2,1.7,28,1997-02-28
1997,3,1.46,31,1997-03-31
1997,4,-1.02,30,1997-04-30
1997,5,-0.28,31,1997-05-31
1997,6,-1.47,30,1997-06-30
1997,7,0.34,31,1997-07-31
1997,8,0.83,31,1997-08-31
1997,9,0.61,30,1997-09-30
1997,10,-1.7,31,1997-10-31
1997,11,-0.9,30,1997-11-30
1997,12,-0.96,31,1997-12-31
1998,1,0.39,31,1998-01-31
1998,2,-0.11,28,1998-02-28
1998,3,0.87,31,1998-03-31
1998,4,-0.68,30,1998-04-30
1998,5,-1.32,31,1998-05-31
1998,6,-2.72,30,1998-06-30
1998,7,-0.48,31,1998-07-31
1998,8,-0.02,31,1998-08-31
1998,9,-2.0,30,1998-09-30
1998,10,-0.29,31,1998-10-31
1998,11,-0.28,30,1998-11-30
1998,12,0.87,31,1998-12-31
1999,1,0.77,31,1999-01-31
1999,2,0.29,28,1999-02-28
1999,3,0.23,31,1999-03-31
1999,4,-0.95,30,1999-04-30
1999,5,0.92,31,1999-05-31
1999,6,1.12,30,1999-06-30
1999,7,-0.9,31,1999-07-31
1999,8,0.39,31,1999-08-31
1999,9,0.36,30,1999-09-30
1999,10,0.2,31,1999-10-31
1999,11,0.65,30,1999-11-30
1999,12,1.61,31,1999-12-31
2000,1,0.6,31,2000-01-31
2000,2,1.7,29,2000-02-29
2000,3,0.77,31,2000-03-31
2000,4,-0.03,30,2000-04-30
2000,5,1.58,31,2000-05-31
2000,6,-0.03,30,2000-06-30
2000,7,-1.03,31,2000-07-31
2000,8,-0.29,31,2000-08-31
2000,9,-0.21,30,2000-09-30
2000,10,0.92,31,2000-10-31
2000,11,-0.92,30,2000-11-30
2000,12,-0.58,31,2000-12-31
2001,1,0.25,31,2001-01-31
2001,2,0.45,28,2001-02-28
2001,3,-1.26,31,2001-03-31
2001,4,0.0,30,2001-04-30
2001,5,-0.02,31,2001-05-31
2001,6,-0.2,30,2001-06-30
2001,7,-0.25,31,2001-07-31
2001,8,-0.07,31,2001-08-31
2001,9,-0.65,30,2001-09-30
2001,10,-0.24,31,2001-10-31
2001,11,0.63,30,2001-11-30
2001,12,-0.83,31,2001-12-31
2002,1,0.44,31,2002-01-31
2002,2,1.1,28,2002-02-28
2002,3,0.69,31,2002-03-31
2002,4,1.18,30,2002-04-30
2002,5,-0.22,31,2002-05-31
2002,6,0.38,30,2002-06-30
2002,7,0.62,31,2002-07-31
2002,8,0.38,31,2002-08-31
2002,9,-0.7,30,2002-09-30
2002,10,-2.28,31,2002-10-31
2002,11,-0.18,30,2002-11-30
2002,12,-0.94,31,2002-12-31
2003,1,0.16,31,2003-01-31
2003,2,0.62,28,2003-02-28
2003,3,0.32,31,2003-03-31
2003,4,-0.18,30,2003-04-30
2003,5,0.01,31,2003-05-31
2003,6,-0.07,30,2003-06-30
2003,7,0.13,31,2003-07-31
2003,8,-0.07,31,2003-08-31
2003,9,0.01,30,2003-09-30
2003,10,-1.26,31,2003-10-31
2003,11,0.86,30,2003-11-30
2003,12,0.64,31,2003-12-31
2004,1,-0.29,31,2004-01-31
2004,2,-0.14,29,2004-02-29
2004,3,1.02,31,2004-03-31
2004,4,1.15,30,2004-04-30
2004,5,0.19,31,2004-05-31
2004,6,-0.89,30,2004-06-30
2004,7,1.13,31,2004-07-31
2004,8,-0.48,31,2004-08-31
2004,9,0.38,30,2004-09-30
2004,10,-1.1,31,2004-10-31
2004,11,0.73,30,2004-11-30
2004,12,1.21,31,2004-12-31
2005,1,1.52,31,2005-01-31
2005,2,-0.06,28,2005-02-28
2005,3,-1.83,31,2005-03-31
2005,4,-0.3,30,2005-04-30
2005,5,-1.25,31,2005-05-31
2005,6,-0.05,30,2005-06-30
2005,7,-0.51,31,2005-07-31
2005,8,0.37,31,2005-08-31
2005,9,0.63,30,2005-09-30
2005,10,-0.98,31,2005-10-31
2005,11,-0.31,30,2005-11-30
2005,12,-0.44,31,2005-12-31
2006,1,1.27,31,2006-01-31
2006,2,-0.511,28,2006-02-28
2006,3,-1.28,31,2006-03-31
2006,4,1.24,30,2006-04-30
2006,5,-1.14,31,2006-05-31
2006,6,0.841,30,2006-06-30
2006,7,0.902,31,2006-07-31
2006,8,-1.73,31,2006-08-31
2006,9,-1.62,30,2006-09-30
2006,10,-2.24,31,2006-10-31
2006,11,0.437,30,2006-11-30
2006,12,1.34,31,2006-12-31
2007,1,0.223,31,2007-01-31
2007,2,-0.47,28,2007-02-28
2007,3,1.44,31,2007-03-31
2007,4,0.169,30,2007-04-30
2007,5,0.664,31,2007-05-31
2007,6,-1.31,30,2007-06-30
2007,7,-0.579,31,2007-07-31
2007,8,-0.139,31,2007-08-31
2007,9,0.721,30,2007-09-30
2007,10,0.447,31,2007-10-31
2007,11,0.576,30,2007-11-30
2007,12,0.344,31,2007-12-31
2008,1,0.89,31,2008-01-31
2008,2,0.735,29,2008-02-29
2008,3,0.0761,31,2008-03-31
2008,4,-1.07,30,2008-04-30
2008,5,-1.73,31,2008-05-31
2008,6,-1.39,30,2008-06-30
2008,7,-1.27,31,2008-07-31
2008,8,-1.16,31,2008-08-31
2008,9,1.02,30,2008-09-30
2008,10,-0.0434,31,2008-10-31
2008,11,-0.32,30,2008-11-30
2008,12,-0.277,31,2008-12-31
2009,1,-0.00748,31,2009-01-31
2009,2,0.0565,28,2009-02-28
2009,3,0.572,31,2009-03-31
2009,4,-0.204,30,2009-04-30
2009,5,1.68,31,2009-05-31
2009,6,-1.21,30,2009-06-30
2009,7,-2.15,31,2009-07-31
2009,8,-0.194,31,2009-08-31
2009,9,1.51,30,2009-09-30
2009,10,-1.03,31,2009-10-31
2009,11,-0.0248,30,2009-11-30
2009,12,-1.93,31,2009-12-31
2010,1,-1.11,31,2010-01-31
2010,2,-1.98,28,2010-02-28
2010,3,-0.883,31,2010-03-31
2010,4,-0.72,30,2010-04-30
2010,5,-1.49,31,2010-05-31
2010,6,-0.816,30,2010-06-30
2010,7,-0.425,31,2010-07-31
2010,8,-1.22,31,2010-08-31
2010,9,-0.795,30,2010-09-30
2010,10,-0.928,31,2010-10-31
2010,11,-1.62,30,2010-11-30
2010,12,-1.85,31,2010-12-31
2011,1,-0.877,31,2011-01-31
2011,2,0.701,28,2011-02-28
2011,3,0.613,31,2011-03-31
2011,4,2.48,30,2011-04-30
2011,5,-0.0623,31,2011-05-31
2011,6,-1.28,30,2011-06-30
2011,7,-1.51,31,2011-07-31
2011,8,-1.35,31,2011-08-31
2011,9,0.536,30,2011-09-30
2011,10,0.394,31,2011-10-31
2011,11,1.36,30,2011-11-30
2011,12,2.52,31,2011-12-31
2012,1,1.17,31,2012-01-31
2012,2,0.42,29,2012-02-29
2012,3,1.27,31,2012-03-31
2012,4,0.471,30,2012-04-30
2012,5,-0.907,31,2012-05-31
2012,6,-2.53,30,2012-06-30
2012,7,-1.32,31,2012-07-31
2012,8,-0.983,31,2012-08-31
2012,9,-0.586,30,2012-09-30
2012,10,-2.06,31,2012-10-31
2012,11,-0.578,30,2012-11-30
2012,12,0.171,31,2012-12-31
2013,1,0.345,31,2013-01-31
2013,2,-0.453,28,2013-02-28
2013,3,-1.61,31,2013-03-31
2013,4,0.687,30,2013-04-30
2013,5,0.569,31,2013-05-31
2013,6,0.521,30,2013-06-30
2013,7,0.672,31,2013-07-31
2013,8,0.97,31,2013-08-31
2013,9,0.241,30,2013-09-30
2013,10,-1.28,31,2013-10-31
2013,11,0.901,30,2013-11-30
2013,12,0.946,31,2013-12-31
2014,1,0.29,31,2014-01-31
2014,2,1.34,28,2014-02-28
2014,3,0.798,31,2014-03-31
2014,4,0.305,30,2014-04-30
2014,5,-0.923,31,2014-05-31
2014,6,-0.97,30,2014-06-30
2014,7,0.175,31,2014-07-31
2014,8,-1.68,31,2014-08-31
2014,9,1.62,30,2014-09-30
2014,10,-1.27,31,2014-10-31
2014,11,0.678,30,2014-11-30
2014,12,1.86,31,2014-12-31
2015,1,1.79,31,2015-01-31
2015,2,1.32,28,2015-02-28
2015,3,1.45,31,2015-03-31
2015,4,0.725,30,2015-04-30
2015,5,0.146,31,2015-05-31
2015,6,-0.0668,30,2015-06-30
2015,7,-3.18,31,2015-07-31
2015,8,-0.76,31,2015-08-31
2015,9,-0.648,30,2015-09-30
2015,10,0.437,31,2015-10-31
2015,11,1.74,30,2015-11-30
2015,12,2.24,31,2015-12-31
2016,1,0.117,31,2016-01-31
2016,2,1.58,29,2016-02-29
2016,3,0.734,31,2016-03-31
2016,4,0.375,30,2016-04-30
2016,5,-0.774,31,2016-05-31
2016,6,-0.433,30,2016-06-30
2016,7,-1.76,31,2016-07-31
2016,8,-1.65,31,2016-08-31
2016,9,0.611,30,2016-09-30
2016,10,0.411,31,2016-10-31
2016,11,-0.164,30,2016-11-30
2016,12,0.478,31,2016-12-31
2017,1,0.478,31,2017-01-31
2017,2,1.0,28,2017-02-28
2017,3,0.737,31,2017-03-31
2017,4,1.73,30,2017-04-30
2017,5,-1.91,31,2017-05-31
2017,6,0.045,30,2017-06-30
2017,7,1.26,31,2017-07-31
2017,8,-1.1,31,2017-08-31
2017,9,-0.613,30,2017-09-30
2017,10,0.186,31,2017-10-31
2017,11,-0.0049,30,2017-11-30
2017,12,0.882,31,2017-12-31
2018,1,1.44,31,2018-01-31
2018,2,1.58,28,2018-02-28
2018,3,-0.927,31,2018-03-31
2018,4,1.24,30,2018-04-30
2018,5,2.12,31,2018-05-31
2018,6,1.09,30,2018-06-30
2018,7,1.39,31,2018-07-31
2018,8,1.97,31,2018-08-31
2018,9,1.67,30,2018-09-30
2018,10,0.935,31,2018-10-31
2018,11,-0.111,30,2018-11-30
2018,12,0.612,31,2018-12-31
2019,1,0.592,31,2019-01-31
2019,2,0.291,28,2019-02-28
2019,3,1.23,31,2019-03-31
2019,4,0.466,30,2019-04-30
2019,5,-2.62,31,2019-05-31
2019,6,-1.09,30,2019-06-30
2019,7,-1.43,31,2019-07-31
2019,8,-1.17,31,2019-08-31
2019,9,-0.164,30,2019-09-30
2019,10,-1.41,31,2019-10-31
2019,11,0.278,30,2019-11-30
2019,12,1.2,31,2019-12-31
2020,1,1.34,31,2020-01-31
2020,2,1.26,29,2020-02-29
2020,3,1.01,31,2020-03-31
2020,4,-1.02,30,2020-04-30
2020,5,-0.41,31,2020-05-31
2020,6,-0.147,30,2020-06-30
2020,7,-1.23,31,2020-07-31
2020,8,0.122,31,2020-08-31
2020,9,0.985,30,2020-09-30
2020,10,-0.655,31,2020-10-31
2020,11,2.54,30,2020-11-30
2020,12,-0.302,31,2020-12-31
2021,1,-1.11,31,2021-01-31
2021,2,0.136,28,2021-02-28
2021,3,0.73,31,2021-03-31
2021,4,-1.43,30,2021-04-30
2021,5,-1.24,31,2021-05-31
2021,6,0.765,30,2021-06-30
2021,7,0.026,31,2021-07-31
2021,8,-0.283,31,2021-08-31
2021,9,-0.214,30,2021-09-30
2021,10,-2.29,31,2021-10-31
2021,11,-0.185,30,2021-11-30
2021,12,0.288,31,2021-12-31
2022,1,1.08,31,2022-01-31
2022,2,1.68,28,2022-02-28
2022,3,0.768,31,2022-03-31
2022,4,-0.365,30,2022-04-30
2022,5,0.706,31,2022-05-31
2022,6,-0.118,30,2022-06-30
2022,7,-0.0936,31,2022-07-31
2022,8,1.47,31,2022-08-31
2022,9,-1.61,30,2022-09-30
2022,10,-0.718,31,2022-10-31
